<?xml version="1.0" encoding="UTF-8"?>
<!DOCTYPE configuration PUBLIC "-//mybatis.org//DTD Config 3.0//EN" 
"http://mybatis.org/dtd/mybatis-3-config.dtd">
<configuration>
  	<environments default="development">
		<environment id="development">
			<transactionManager type="JDBC" />
			<dataSource type="UNPOOLED">
				<property name="driver" value="oracle.jdbc.driver.OracleDriver" /> 
				<!-- <property name="driver" value="com.p6spy.engine.spy.P6SpyDriver"/>  -->
				<property name="url" value="jdbc:oracle:thin:@localhost:1521:orcl11" />
				<property name="username" value="scott" />
				<property name="password" value="tiger" />
			</dataSource>
		</environment>
	</environments> 
	<mappers>
		<mapper resource="com/mybatis/mapper/test.xml" />
		<mapper resource="com/mybatis/mapper/notice.xml" />
	</mappers>
</configuration>