<?xml version="1.0" encoding="UTF-8"?>
<!DOCTYPE mapper
 PUBLIC "-//mybatis.org//DTD Mapper 3.0//EN"
 "http://mybatis.org/dtd/mybatis-3-mapper.dtd"> 
<mapper namespace="com.mybatis.mapper.NoticeMapper">
	<insert id="noticeInsert" parameterType="map">
		INSERT INTO notice(n_no, n_title, n_content, n_writer)
		VALUES(seq_notice_no.NEXTVAL, #{n_title}, #{n_content}, #{n_writer})
	</insert>
	<update id="noticeUpdate" parameterType="map">
		UPDATE notice
   			   set n_title = #{n_title}
			        , n_content = #{n_content}
			        , n_writer = #{n_writer}
  		  WHERE n_no = #{n_no}
	</update>
	<delete id="noticeDelete" parameterType="map">
		DELETE FROM notice WHERE n_no = #{n_no}
	</delete>
	<select id="noticeList" parameterType="map"  resultType = "map">
		select n_no, n_title, n_content, n_writer from notice
		<where>
			<if test="n_no!=null">AND n_no=#{n_no}</if>
			<if test="gubun!=null">
				<choose>
					<when test='gubun.equals("n_title")'>
						AND n_title LIKE '%'||#{keyword}||'%'
					</when>
					<when test='gubun.equals("n_content")'>
						AND n_title LIKE '%'||#{keyword}||'%'
					</when>
					<when test='gubun.equals("n_writer")'>
						AND n_title LIKE '%'||#{keyword}||'%'
					</when>
				</choose>
			</if>
		</where>
	</select> 
</mapper>